Go,
Mediteranean Avenue,
Community Chest #1,
Baltic Avenue,
Income Tax,
Reading Railroad,
Oreintal Avenue,
Chance,
Vermont Avenue,
Connecticut Avenue,
Jail,
St. Charles,
Electric Company,
States Ave,
Virinia Ave,
Pennsylvania Railroad,
St. James Place,
Community Chest,
Tennessee Ave,
New York Ave,
Free Parking,
Kentucky Ave,
Chance,
Indiana Ave,
Illinois Ave,
B & O Railroad,
Atlantic Ave,
Ventnor Ave,
Water Works,
Marvin Gardens,
Go To Jail,
Pacific Avenue,
North Carolina Avenue,
Community Chest,
Pennsylvania Ave,
Short Line,
Chance,
Park Place,
Luxury Tax,
BoardWalk